normalized_name,platforms,platform_count,original_names
48 hours,"spotify, youtube, amazon, apple",4,48 Hours | 48 Hours | 48 Hours | 48 Hours
conan obrien needs a friend,"spotify, youtube, amazon, apple",4,Conan Oâ€™Brien Needs A Friend | Conan O'Brien Needs A Friend | Conan Oâ€™Brien Needs A Friend | Conan Oâ€™Brien Needs A Friend
shawn ryan,"spotify, youtube, amazon, apple",4,Shawn Ryan Show | Shawn Ryan Show | Shawn Ryan Show | Shawn Ryan Show
the mel robbins,"spotify, amazon, apple",3,The Mel Robbins Podcast | The Mel Robbins Podcast | The Mel Robbins Podcast
crime junkie,"spotify, amazon, apple",3,Crime Junkie | Crime Junkie | Crime Junkie
2020,"spotify, amazon, apple",3,20/20 | 20/20 | 20/20
the ramsey,"spotify, amazon, apple",3,The Ramsey Show | The Ramsey Show | The Ramsey Show
the meidastouch,"spotify, youtube, apple",3,The MeidasTouch Podcast | The MeidasTouch Podcast | The MeidasTouch Podcast
stuff you should know,"spotify, amazon, apple",3,Stuff You Should Know | Stuff You Should Know | Stuff You Should Know
pod save america,"spotify, amazon, apple",3,Pod Save America | Pod Save America | Pod Save America
my favorite murder,"spotify, amazon, apple",3,My Favorite Murder with Karen Kilgariff and Georgia Hardstark | My Favorite Murder with Karen Kilgariff and Georgia Hardstark | My Favorite Murder with Karen Kilgariff and Georgia Hardstark
smartless,"spotify, amazon, apple",3,SmartLess | SmartLess | SmartLess
the megyn kelly,"spotify, amazon, apple",3,The Megyn Kelly Show | The Megyn Kelly Show | The Megyn Kelly Show
the ben shapiro,"spotify, amazon, apple",3,The Ben Shapiro Show | The Ben Shapiro Show | The Ben Shapiro Show
rotten mango,"spotify, youtube, amazon",3,Rotten Mango | Rotten Mango | Rotten Mango
the joe rogan experience,"spotify, youtube, apple",3,The Joe Rogan Experience | The Joe Rogan Experience | The Joe Rogan Experience
morbid,"spotify, amazon, apple",3,Morbid | Morbid | Morbid | Morbid
dateline nbc,"spotify, amazon, apple",3,Dateline NBC | Dateline NBC | Dateline NBC
this past weekend,"spotify, youtube, apple",3,This Past Weekend w/ Theo Von | This Past Weekend w/ Theo Von | This Past Weekend w/ Theo Von
pardon my take,"spotify, amazon, apple",3,Pardon My Take | Pardon My Take | Pardon My Take
the daily,"spotify, amazon, apple",3,The Daily | The Daily | The Daily
armchair expert,"spotify, amazon, apple",3,Armchair Expert with Dax Shepard | Armchair Expert with Dax Shepard | Armchair Expert with Dax Shepard
the tucker carlson,"spotify, youtube, apple",3,The Tucker Carlson Show | The Tucker Carlson Show | The Tucker Carlson Show
the rest is history,"amazon, apple",2,The Rest Is History | The Rest Is History
the joe budden,"spotify, apple",2,The Joe Budden Podcast | The Joe Budden Podcast
vince,"spotify, amazon",2,VINCE Show | VINCE
the dan le batard,"spotify, apple",2,The Dan Le Batard Show with Stugotz | The Dan Le Batard Show with Stugotz
the ezra klein,"spotify, apple",2,The Ezra Klein Show | The Ezra Klein Show
bad friends,"spotify, amazon",2,Bad Friends | Bad Friends
small town murder,"spotify, amazon",2,Small Town Murder | Small Town Murder
the deck,"spotify, amazon",2,The Deck | The Deck
up first from npr,"amazon, apple",2,Up First from NPR | Up First from NPR
financial audit,"spotify, youtube",2,Financial Audit | Financial Audit
breaking points,"spotify, youtube",2,Breaking Points with Krystal and Saagar | Breaking Points
sword and scale,"spotify, amazon",2,Sword and Scale | Sword and Scale
murder mystery makeup,"spotify, youtube",2,"Murder, Mystery & Makeup | Murder, Mystery & Makeup"
smosh reads reddit stories,"spotify, youtube",2,Smosh Reads Reddit Stories | Smosh Reads Reddit Stories
the why files operation,"spotify, youtube",2,The Why Files: Operation Podcast | The Why Files: Operation Podcast
kill tony,"spotify, youtube",2,KILL TONY | KILL TONY
distractible,"spotify, amazon",2,Distractible | Distractible
the toast,"spotify, apple",2,The Toast | The Toast
mrballen strange dark mysterious stories,"spotify, amazon",2,"MrBallen Podcast: Strange, Dark & Mysterious Stories | MrBallen Podcast: Strange, Dark & Mysterious Stories"
the bill simmons,"spotify, apple",2,The Bill Simmons Podcast | The Bill Simmons Podcast
last on the left,"spotify, amazon",2,Last Podcast On The Left | Last Podcast On The Left
jabab chay bangla à¦œà¦¬à¦¬ à¦šà§Ÿ à¦¬à¦²,youtube,1,Jabab Chay Bangla | à¦œà¦¬à¦¾à¦¬ à¦šà¦¾à§Ÿ à¦¬à¦¾à¦‚à¦²à¦¾
la corneta,amazon,1,La Corneta
sky news all stars,youtube,1,Sky News All Stars
æ–‡æ˜­æ€ç·’é£›æšpodcast,youtube,1,æ–‡æ˜­æ€ç·’é£›æšPodcast
è½é‡é»æ–°èä¸‰ç«‹æ–°èå°,youtube,1,è½é‡é»æ–°èï½œä¸‰ç«‹æ–°èå°
æ¯”ç‰¹ç‹æ–°è,youtube,1,æ¯”ç‰¹ç‹æ–°è
npr news now,amazon,1,NPR News Now
redhanded,amazon,1,RedHanded
å®‰ä½ç´³ä¸€éƒã®æ—¥æ›œå¤©å›½,amazon,1,å®‰ä½ç´³ä¸€éƒã®æ—¥æ›œå¤©å›½
die nervigen,amazon,1,Die Nervigen
mrballens medical mysteries,amazon,1,MrBallenâ€™s Medical Mysteries
dick doof,amazon,1,Dick & Doof
relatos de la noche,amazon,1,Relatos de la Noche
kottbruder germanletsplay paluten,amazon,1,Kottbruder - GermanLetsPlay & Paluten
Ã¤ffchen mit kÃ¤ffchen,amazon,1,Ã„ffchen mit KÃ¤ffchen
the young turks,youtube,1,The Young Turks
la corneta extendida,amazon,1,La Corneta Extendida
mordlust,amazon,1,Mordlust
wow in the world,amazon,1,Wow in the World
die drei rabauken,amazon,1,Die Drei Rabauken
mord auf ex,amazon,1,MORD AUF EX
snapped women who murder,amazon,1,Snapped: Women Who Murder
global news geopolitical developments,youtube,1,Global News & Geopolitical Developments
acharya shri kaushik ji maharaj à¤•à¤¥ à¤µà¤šà¤•,youtube,1,Acharya Shri Kaushik Ji Maharaj | à¤•à¤¥à¤¾ à¤µà¤¾à¤šà¤• | Podcast
éŸ“åœ‹ç•™å­¸ç”Ÿtv,youtube,1,éŸ“åœ‹ç•™å­¸ç”ŸTV
penitencia con saskia niÃ±o de rivera,youtube,1,Penitencia con Saskia NiÃ±o de Rivera
la cotorrisa anecdotarios,youtube,1,La Cotorrisa - Anecdotarios
intens investigasi,youtube,1,Intens Investigasi
india explained,youtube,1,India EXPLAINED
memoria del balÃ³n,youtube,1,âœ…MEMORIA DEL BALÃ“N
direito estatal,youtube,1,Direito Estatal (Podcast)
ê³¼í•™ì„ ë³´ë‹¤,youtube,1,ğŸš€ê³¼í•™ì„ ë³´ë‹¤ğŸš€
hobbylos,amazon,1,Hobbylos
bulwark super feed,youtube,1,Bulwark Super Feed
the wild project 1vs1 cada jueves,youtube,1,THE WILD PROJECT 1VS1 (CADA JUEVES)
ç‹å±€æ‹æ¡ˆ,youtube,1,ç‹å±€æ‹æ¡ˆ
the intersection,youtube,1,The Intersection with Michael Popok
nadie dice nada,youtube,1,NADIE DICE NADA
big bulletin,youtube,1,Big Bulletin With HR Ranganath
1 on trending for finance,youtube,1,#1 on Trending for Finance
jack cocchiarella,youtube,1,Jack Cocchiarella Show
bhoot dot com,youtube,1,Bhoot Dot Com Podcast
rolandmartinunfiltered,youtube,1,#RolandMartinUnfiltered
cumicam indepth,youtube,1,Cumicam Indepth
all videos,youtube,1,All Videos
ë°±ìš´ê¸°ì˜ ì •ì¹˜1ë²ˆì§€,youtube,1,[ë°±ìš´ê¸°ì˜ ì •ì¹˜1ë²ˆì§€]
æ–‡æ˜­è«‡å¤è«–ä»Š,youtube,1,æ–‡æ˜­è«‡å¤è«–ä»Š
la cotorrisa episodios,youtube,1,La Cotorrisa - Episodios
the wronged hour,youtube,1,The Wronged Hour
chunk,youtube,1,Podcast Chunk
ÑƒÑ€Ğ¾ĞºĞ¸ Ğ¸ÑÑ‚Ğ¾Ñ€Ğ¸Ğ¸,youtube,1,Ğ£Ñ€Ğ¾ĞºĞ¸ Ğ˜ÑÑ‚Ğ¾Ñ€Ğ¸Ğ¸
lanz precht,amazon,1,LANZ & PRECHT
kurt krÃ¶mer feelings,amazon,1,Kurt KrÃ¶mer - Feelings
the vanished,amazon,1,The Vanished Podcast
lo zoo di 105,amazon,1,Lo Zoo di 105
watch what crappens,amazon,1,Watch What Crappens
the rest is politics,amazon,1,The Rest Is Politics
è‹±èªã§é›‘è«‡kevins english room plus,amazon,1,è‹±èªã§é›‘è«‡ï¼Kevinâ€™s English Room Podcast PLUS
æœ€æ–°å›ã®ã¿è¾›åŠæ²»éƒ ã‚ºãƒ¼ãƒ  ãã“ã¾ã§è¨€ã†ã‹,amazon,1,ã€æœ€æ–°å›ã®ã¿ã€‘è¾›åŠæ²»éƒ ã‚ºãƒ¼ãƒ  ãã“ã¾ã§è¨€ã†ã‹ï¼
wait wait dont tell me,amazon,1,Wait Wait... Don't Tell Me!
è‹±èªèãæµã— sakura english,amazon,1,è‹±èªèãæµã— | Sakura English
scamfluencers,amazon,1,Scamfluencers
history daily,amazon,1,History Daily
help i sexted my boss,amazon,1,Help I Sexted My Boss
the stories of mahabharata,amazon,1,The Stories of Mahabharata
killer psyche,amazon,1,Killer Psyche
wissen mit johnny,amazon,1,Wissen mit Johnny
parenting hell,amazon,1,Parenting Hell with Rob Beckett and Josh Widdicombe
verbrechen,amazon,1,Verbrechen
apokalypse filterkaffee,amazon,1,Apokalypse & Filterkaffee
leyendas legendarias,amazon,1,Leyendas Legendarias
aktenzeichen xy unvergessene verbrechen,amazon,1,Aktenzeichen XYâ€¦ Unvergessene Verbrechen
ç©ºæ°—éšæ®µã®è¸Šã‚Šå ´,amazon,1,ç©ºæ°—éšæ®µã®è¸Šã‚Šå ´
bedtime stories,amazon,1,Bedtime Stories
gemischtes hack,amazon,1,Gemischtes Hack
american history tellers,amazon,1,American History Tellers
run fool,amazon,1,"RUN, FOOL!"
nÃ£o inviabilize,amazon,1,NÃ£o Inviabilize
ãƒãƒ¦ãƒªã‚«ã®ã†ãªã’ã‚ã‚Šã‚“,amazon,1,ãƒãƒ¦ãƒªã‚«ã®ã†ãªã’ã‚ã‚Šã‚“ï¼ï¼
something was wrong,amazon,1,Something Was Wrong
ãªãŒã‚‰æ—¥çµŒ,amazon,1,ãªãŒã‚‰æ—¥çµŒ
ãƒ€ã‚¤ã‚¢ãƒ³ã®tokyo style,amazon,1,ãƒ€ã‚¤ã‚¢ãƒ³ã®TOKYO STYLE
la cotorrisa,amazon,1,La Cotorrisa
kaulitz hills senf aus hollywood,amazon,1,Kaulitz Hills - Senf aus Hollywood
å¤§ä¹…ä¿ä½³ä»£å­ã¨ã‚‰ã¶ã¶ã‚‰love,amazon,1,å¤§ä¹…ä¿ä½³ä»£å­ã¨ã‚‰ã¶ã¶ã‚‰LOVE
greeking out from national geographic kids,amazon,1,Greeking Out from National Geographic Kids
æ­´å²ã‚’é¢ç™½ãå­¦ã¶ã‚³ãƒ†ãƒ³ãƒ©ã‚¸ã‚ª coten radio,amazon,1,æ­´å²ã‚’é¢ç™½ãå­¦ã¶ã‚³ãƒ†ãƒ³ãƒ©ã‚¸ã‚ª ï¼ˆCOTEN RADIOï¼‰
checkpod der mit checker tobi,amazon,1,CheckPod - Der Podcast mit Checker Tobi
muttersÃ¶hnchen,amazon,1,MutterSÃ¶hnchen
verbrechen von nebenan true crime aus der nachbarschaft,amazon,1,Verbrechen von nebenan: True Crime aus der Nachbarschaft
la zanzara,amazon,1,La Zanzara
baywatch berlin,amazon,1,Baywatch Berlin
nadie sabe nada,amazon,1,Nadie Sabe Nada
casefile true crime,amazon,1,Casefile True Crime
anatomy of murder,amazon,1,Anatomy of Murder
panda picante,amazon,1,Panda Show - Picante
the philip defranco every montueswedthursfriday,youtube,1,The Philip DeFranco Show (Every Mon-Tues-Wed-Thurs-Friday!)
cold case files,amazon,1,Cold Case Files
joel osteen,amazon,1,Joel Osteen Podcast
wsj whats news,amazon,1,WSJ Whatâ€™s News
legend,amazon,1,LEGEND
edeltalk mit dominik kevin,amazon,1,Edeltalk - mit Dominik & Kevin
shged married annoyed,amazon,1,Sh**ged Married Annoyed
park predators,amazon,1,Park Predators
redacted declassified mysteries,amazon,1,REDACTED: Declassified Mysteries with Luke Lamana
ì „ìˆ˜ë¯¸ì˜ ë‰´ìŠ¤ì¸ì‚¬ì´ë‹¤ ì´ìŠ¹ì›ì˜ ë‰´ì¸ì‚¬ í”„ë¼ì„ am650,youtube,1,ğŸ‘ì „ìˆ˜ë¯¸ì˜ ë‰´ìŠ¤ì¸ì‚¬ì´ë‹¤ & ì´ìŠ¹ì›ì˜ ë‰´ì¸ì‚¬ í”„ë¼ì„ ï½œğŸ•¢ AM.6:50
malam mencekam,youtube,1,Malam Mencekam Podcast
beto ribeiro crime comportamento e mistÃ©rio,youtube,1,"BETO RIBEIRO - CRIME, COMPORTAMENTO E MISTÃ‰RIO - PODCAST"
office ladies,spotify,1,Office Ladies
fantasy footballers fantasy football,spotify,1,Fantasy Footballers - Fantasy Football Podcast
conspiracy theories,spotify,1,Conspiracy Theories
the rewatchables,spotify,1,The Rewatchables
the matt walsh,spotify,1,The Matt Walsh Show
murder,spotify,1,Murder With My Husband
the lol,spotify,1,The LOL Podcast
my brother my brother and me,spotify,1,"My Brother, My Brother And Me"
the broski report,spotify,1,The Broski Report with Brittany Broski
the ryen russillo,spotify,1,The Ryen Russillo Podcast
and thats why we drink,spotify,1,And That's Why We Drink
the charlie kirk,spotify,1,The Charlie Kirk Show
the dr john delony,spotify,1,The Dr. John Delony Show
monÃ³logos,youtube,1,MonÃ³logos
what now,spotify,1,What Now? with Trevor Noah
the meateater,spotify,1,The MeatEater Podcast
the viall files,spotify,1,The Viall Files
the bald and the beautiful,spotify,1,The Bald and the Beautiful with Trixie and Katya
new heights,spotify,1,New Heights with Jason & Travis Kelce
club random,spotify,1,Club Random with Bill Maher
so true,spotify,1,So True with Caleb Hearon
therapuss,spotify,1,Therapuss with Jake Shane
the big picture,spotify,1,The Big Picture
true crime,spotify,1,True Crime with Kendall Rae
critical role,spotify,1,Critical Role
your moms house,spotify,1,Your Mom's House with Christina P. and Tom Segura
chainsfr on spotify,spotify,1,ChainsFR On Spotify
not another dd,spotify,1,Not Another D&D Podcast
just creepy scary stories,spotify,1,Just Creepy: Scary Stories
matt and shanes secret,spotify,1,Matt and Shane's Secret Podcast
call her daddy,spotify,1,Call Her Daddy
good hang,spotify,1,Good Hang with Amy Poehler
candace,spotify,1,Candace
two hot takes,spotify,1,Two Hot Takes
huberman lab,spotify,1,Huberman Lab
creepcast,spotify,1,CreepCast
pbd,spotify,1,PBD Podcast
giggly squad,spotify,1,Giggly Squad
the basement yard,spotify,1,The Basement Yard
2 bears 1 cave,spotify,1,"2 Bears, 1 Cave with Tom Segura & Bert Kreischer"
crime conspiracy cults and murder,spotify,1,"Crime, Conspiracy, Cults and Murder"
serial killers,spotify,1,Serial Killers
the tim dillon,spotify,1,The Tim Dillon Show
allin with chamath jason sacks friedberg,spotify,1,"All-In with Chamath, Jason, Sacks & Friedberg"
andrew schulzs flagrant,spotify,1,Andrew Schulz's Flagrant with Akaash Singh
behind the bastards,spotify,1,Behind the Bastards
rotten mango video,spotify,1,Rotten Mango Video
murder in america,spotify,1,Murder In America
morning brew daily,spotify,1,Morning Brew Daily
anything goes,spotify,1,anything goes with emma chamberlain
dungeons and daddies,spotify,1,Dungeons and Daddies
lex fridman,spotify,1,Lex Fridman Podcast
are you garbage comedy,spotify,1,Are You Garbage? Comedy Podcast
danny jones,spotify,1,Danny Jones Podcast
jesser,spotify,1,Jesser
full surahs,youtube,1,FULL SURAHS
ìœ ì„ ë°° ë³µì§€ ì½˜í…ì¸  í•‘ê³„ê³ ,youtube,1,ìœ ì„ ë°° ë³µì§€ ì½˜í…ì¸  ğŸ“í•‘ê³„ê³ ğŸ“
ì–¸ì•Œë°”,youtube,1,ì–¸ì•Œë°”
Ğ¿Ğ¾Ğ´ĞºĞ°ÑÑ‚Ğ¸ 24 ĞºĞ°Ğ½Ğ°Ğ»Ñƒ,youtube,1,ĞŸĞ¾Ğ´ĞºĞ°ÑÑ‚Ğ¸ 24 ĞšĞ°Ğ½Ğ°Ğ»Ñƒ
politik wirtschaft,youtube,1,Politik & Wirtschaft
farron balanced,youtube,1,Farron Balanced
dan wootton outspoken,youtube,1,Dan Wootton Outspoken
Ğ¿Ğ¾Ğ´ĞºĞ°ÑÑ‚Ğ¸ Ğ½Ğ° 24 ĞºĞ°Ğ½Ğ°Ğ»Ñ–,youtube,1,ĞŸĞ¾Ğ´ĞºĞ°ÑÑ‚Ğ¸ Ğ½Ğ° 24 ĞšĞ°Ğ½Ğ°Ğ»Ñ–
sport shorts,youtube,1,Sport Shorts
bulwark takes,youtube,1,Bulwark Takes
legal af,youtube,1,Legal AF Podcast
Ú©Ù„ÛŒÙ¾ Ú©ÙˆØªØ§Ù‡ Ø§Ø³ØªÙ†Ø¯ Ø¢Ù¾ Ú©Ù…Ø¯ÛŒÙ‡Ø§ÛŒ Ù…Ú©Ø³ Ø§Ù…ÛŒÙ†ÛŒ,youtube,1,Ú©Ù„ÛŒÙ¾ Ú©ÙˆØªØ§Ù‡ Ø§Ø³ØªÙ†Ø¯ Ø¢Ù¾ Ú©Ù…Ø¯ÛŒâ€ŒÙ‡Ø§ÛŒ Ù…Ú©Ø³ Ø§Ù…ÛŒÙ†ÛŒ
the adam mockler,youtube,1,The Adam Mockler Show
nbc nightly news,youtube,1,NBC Nightly News with Tom Llamas
ÑĞ²ĞµĞ¶Ğ¸Ğµ Ğ¸Ğ½Ñ‚ĞµÑ€Ğ²ÑŒÑ,youtube,1,Ğ¡Ğ’Ğ•Ğ–Ğ˜Ğ• Ğ˜ĞĞ¢Ğ•Ğ Ğ’Ğ¬Ğ®
the ramsey highlights,youtube,1,The Ramsey Show Highlights
hablando huevadas,youtube,1,[Hablando Huevadas - Podcast]
Ğ¼Ğ¸ĞºĞ¾Ğ»Ğ° Ğ´Ğ°Ğ²Ğ¸Ğ´ÑĞº,youtube,1,ĞœĞ¸ĞºĞ¾Ğ»Ğ° Ğ”Ğ°Ğ²Ğ¸Ğ´ÑĞº
,youtube,1,Podcast
timcast news stories,youtube,1,Timcast News Stories
rof daily updates,youtube,1,ROF Daily Updates
Ğ¿Ğ¾Ğ´ĞºĞ°ÑÑ‚Ñ‹ Ğ¼Ğ¸Ñ€Ğ¾Ğ²Ğ°Ñ Ğ¿Ğ¾Ğ»Ğ¸Ñ‚Ğ¸ĞºĞ° ÑÑˆĞ° ĞºĞ¸Ñ‚Ğ°Ğ¹ Ñ€Ğ¾ÑÑĞ¸Ñ ÑƒĞºÑ€Ğ°Ğ¸Ğ½Ğ°,youtube,1,"ĞŸĞ¾Ğ´ĞºĞ°ÑÑ‚Ñ‹ - ĞœĞ¸Ñ€Ğ¾Ğ²Ğ°Ñ Ğ¿Ğ¾Ğ»Ğ¸Ñ‚Ğ¸ĞºĞ°: Ğ¡Ğ¨Ğ, ĞšĞ¸Ñ‚Ğ°Ğ¹, Ğ Ğ¾ÑÑĞ¸Ñ, Ğ£ĞºÑ€Ğ°Ğ¸Ğ½Ğ°"
caso cerrado pleitos familiares con escÃ¡ndalo,youtube,1,Caso Cerrado - Pleitos familiares con escÃ¡ndalo
ê°•í€ì¹˜ ë§¤ì£¼ ì›” ê¸ˆ_ì˜¤ì „ 10ì‹œ 20ë¶„,youtube,1,ğŸ¥Š ê°•í€ì¹˜ | ë§¤ì£¼ ì›” ~ ê¸ˆ_ì˜¤ì „ 10ì‹œ 20ë¶„
a closer look late night,youtube,1,A Closer Look - Late Night with Seth Meyers
teenmaar varthalu by v6,youtube,1,Teenmaar Varthalu by V6
the bulwark,spotify,1,The Bulwark Podcast
las alucines,youtube,1,Las Alucines
timcast irl,spotify,1,Timcast IRL
stavvys world,spotify,1,Stavvy's World
the yard,spotify,1,The Yard
good mythical morning,youtube,1,Good Mythical Morning with Rhett & Link
ê¹€ì–´ì¤€ì˜ ê²¸ì†ì€í˜ë“¤ë‹¤ ë‰´ìŠ¤ê³µì¥,youtube,1,ê¹€ì–´ì¤€ì˜ ê²¸ì†ì€í˜ë“¤ë‹¤ ë‰´ìŠ¤ê³µì¥
the diary of a ceo,youtube,1,The Diary Of A CEO
vÃ­ctor y alba en vivo,youtube,1,VÃ­ctor y Alba En Vivo
rita panahi,youtube,1,Rita Panahi
close the door,youtube,1,Close The Door Podcast
figuring out,youtube,1,Figuring Out With Raj Shamani
podhub,youtube,1,PODHUB
lawcrime sidebar,youtube,1,Law&Crime Sidebar with Jesse Weber
hoy en negocios televisiÃ³n,youtube,1,Hoy en negocios televisiÃ³n
banglavision world news banglavision,youtube,1,Podcast | BanglaVision World News | BanglaVision Podcast
ê¶Œìˆœí‘œì˜ ë‰´ìŠ¤ í•˜ì´í‚¥ 2025,youtube,1,| ê¶Œìˆœí‘œì˜ ë‰´ìŠ¤ í•˜ì´í‚¥ 2025 |
political analysis,youtube,1,Political Analysis
the luke beasley,youtube,1,The Luke Beasley Show
ihip news,youtube,1,IHIP News
dr insanity podcasts,youtube,1,Dr. Insanity Podcasts
brian tyler cohen,youtube,1,Brian Tyler Cohen
the devory darkins,youtube,1,The DeVory Darkins Show
curhat bang denny sumargo,youtube,1,CURHAT BANG Denny Sumargo
ceo dan cinderella,youtube,1,CEO dan Cinderella
morning wire,apple,1,Morning Wire
